{"2JPpAyDRpQINt4nHd7NZJQ==":"wordmark-354x67.png","0NE5EFXdb2ZO1JZ4BV43TQ==":"wordmark-676x129.png","Ra2cezg9xpUqxN+BAi72jw==":"wordmark.gif","IA/03gg6V/IGXxlKaXsvpw==":"stuart%20collier-1000x1000.png","kHu8RIQWZ5Z9Np//wfZe3Q==":"stuart%20collier-1000x1000.png","RJm2Xp9HXO7oDgWDrXCQ1Q==":"share%20selection%20-%20square%20(3)-1200x1200.jpg","KsPrpvT98LncP29euR8DFw==":"share%20selection%20-%20square%20(4)-1200x1200.jpg","1+9BdhFHrw2qpnEjTG5KGg==":"share%20selection%20-%20square%20(44)-1200x1200.jpg","mdF4Pw1ZLPZJO6XqpapB2A==":"share%20selection%20-%20square%20(45)-1200x1200.jpg","90hvwLhp31sFVrfebo13kA==":"share%20selection%20-%20square%20(46)-1200x1200.jpg","6caawRS2+c4X5pYqE3rbiw==":"share%20selection%20-%20square%20(47)-1200x1200.jpg","hQpAJgtHMJ90CT5lxkq+lQ==":"share%20selection%20-%20square%20(48)-1200x1200.jpg","O1uKRSIothTqONTeuDbGkA==":"share%20selection%20-%20square%20(49)-1200x1200.jpg","KTVM+QguPuuigRwJEquNRw==":"share%20selection%20-%20square%20(50)-1200x1200.jpg","KdKYVWtK5JgctuXrwvKwKg==":"share%20selection%20-%20square%20(52)-1200x1200.jpg","sgpEkVa2CuIzDs+vFEqd1A==":"share%20selection%20-%20square-1200x1200.jpg","LuOos6ZL/eqoWTsvtHgd4g==":"2-1000x1000.png","urmZpnsrGQpY92RFcHsJhg==":"5-596x596.png","YF5cbzCKVfyUmjqRu+66sQ==":"3-596x596.png","aD5KpN69iI9zJmb8bxhXlA==":"4-596x596.png","bkXRdva6Ud2VXtfzky7nGQ==":"9-596x596.png","m+C9SGe8Wy+guOwhCzglTQ==":"1-1000x1000.png","antKm1DJh8w6IEXSrgYCNA==":"journal.gif","oh0JLI5axa+GS6aeACB0XQ==":"repository.gif","nNUkPDMiE+vKBXGUgIt9+w==":"archive.gif","Urc0MTsSA/2ue9s4kzH2kw==":"substack.gif","w9o7tsaHMr/rOGWXsxU6yw==":"odysee%20arweave.gif","7XAqaszmyvgNqyMaIJ83xw==":"archive-1.gif","caTG/m0tiFGPDQDCmvbg8A==":"2-990x990.png","5wCEG1i3Ra8uzp5CWw9EjA==":"share%20selection%20-%20square%201-1200x1200.jpg","STFIR9EiAakobc/Ddw+zfg==":"share%20selection%20-%20square%20(1)-1200x1200.jpg","bZBske4Lc6h7zd8cm6CfWQ==":"share%20selection%20-%20square%20(2)-1200x1200.jpg","QIqs7fYiwLrWJnvrhbHM8A==":"share%20selection%20-%20square%20(5)-1200x1200.jpg","wfq3r6Dj9Ylgl1g58ltKNw==":"share%20selection%20-%20square%20(6)-1200x1200.jpg","x02POwlpn3YWOzD/K+Zk4A==":"share%20selection%20-%20square%20(7)-1200x1200.jpg","kIdiOhv96FDllpg/AyYS8Q==":"share%20selection%20-%20square%20(8)-1200x1200.jpg","MvCAOROr7SRuu9nEpvXcag==":"share%20selection%20-%20square%20(9)-1200x1200.jpg","/Nu4ANXPFWrpKj5hOrhsSg==":"share%20selection%20-%20square%20(10)-1200x1200.jpg","xwMWmVfUV4Wj81SthhMQFw==":"share%20selection%20-%20square%20(11)-1200x1200.jpg","CRL2h28+SK5osWkTM6r9bA==":"share%20selection%20-%20square%20(12)-1200x1200.jpg","3wiwuU2HAVAfRjV88uLCDA==":"share%20selection%20-%20square%20(13)-1200x1200.jpg","dQJR4pvotCv4ClNaoKW2Jg==":"share%20selection%20-%20square%20(14)-1200x1200.jpg","fnUmkb7TdUWBm0o+HdnsiA==":"share%20selection%20-%20square%20(15)-1200x1200.jpg","C86nzvO/gwyQTMcYGvJSQQ==":"share%20selection%20-%20square%20(16)-1200x1200.jpg","I+zXwEqpwQU644T0k7Z1Kg==":"share%20selection%20-%20square%20(17)-1200x1200.jpg","rW3gEg6h2WdI9hI04tWk6Q==":"share%20selection%20-%20square%20(22)-1200x1200.jpg","5SnDkAPIo+CzCjhRNvpSjg==":"share%20selection%20-%20square%20(23)-1200x1200.jpg","Af6kXeeVgRY1s0JYY7vcvQ==":"share%20selection%20-%20square%20(24)-1200x1200.jpg","C/+l4hS4rg0EQOCvgq30Kw==":"share%20selection%20-%20square%20(25)-1200x1200.jpg","XaqiJjuNXZt7WvmsCL4l7w==":"share%20selection%20-%20square%20(26)-1200x1200.jpg","l179VdEnUfJKQEwx6BIG8A==":"share%20selection%20-%20square%20(27)-1200x1200.jpg","QFAt628ulLFmAA9UH2M93g==":"share%20selection%20-%20square%20(28)-1200x1200.jpg","BJsobtRDSvKoDnKtWTBurw==":"share%20selection%20-%20square%20(29)-1200x1200.jpg","ZqCcz34ODd5hZmrou1FMdg==":"share%20selection%20-%20square%20(30)-1200x1200.jpg","9f5Qk6j+Io0zsVNfmijwnQ==":"share%20selection%20-%20square%20(21)-1200x1200.jpg","SIf2pmtWQvYT6umjqhtBVQ==":"share%20selection%20-%20square%20(20)-1200x1200.jpg","8W6h2XNNAYlGWPeTF2JMSQ==":"share%20selection%20-%20square%20(18)-1200x1200.jpg","Fm5W0ZmmidpsnUVCruOOSg==":"monero%20qr%20code-1200x1200.png","K8/gZ8R5g+sgzTp0wVjZmQ==":"qr-xmr4-500x500.png","vviWDzvHuPe9Eq0std6vEw==":"monero%20qr%20code-815x815.png","GWqM+eyTdqMPBtjQMsbKdA==":"substack%20black.gif","xxJuPEqsTWDO/oup7xn1vg==":"odysee%20arweave%20black.gif","zkuWyVRWMvhxfU7Yuw4iPw==":"archive%20black.gif","hfeUlOMUnmmhXTpMo2zSwA==":"locker.gif","V7mCHdhkSoCSOxJ1lXUTkw==":"odysee%20arweave%20black.gif","nDjBcyVqlKlYu8gb90ZKoQ==":"website%20section%20background%20images-1920x1080.png","cYFEraEB0M4TS+QOeJKl4Q==":"bg%20(2)-1920x1080.png","j7k4QQnXHlb23QJfJeQR8w==":"bg%20(10)-1920x1080.png","m9Ju1ryv6sg4sgwb237abA==":"bg%20(6)-1920x1080.png","uqFpuE3oShdYa+5Q/mafDA==":"bg%20(7)-1920x1080.png","IChd3Gk+F0YRNl+oFSlHIw==":"bg%20(8)-1920x1080.png","bTSx8wIXj6emKkzPZObaew==":"bg%20(11)-1920x1080.png","dj2ooN9KdXWXbVFyLratMA==":"bg%20(3)-1920x1080.png","zcohQgK/PYwoXddZqvzvew==":"bg%20(12)-1920x1080.png"}